類別,子類別,事件名稱,開始日期,結束日期,備註,Link1,Link2,download_timestamp,process_timestamp
政策衝擊,市場估值,台股高檔獲利了結賣壓,2026-05-15,2026-05-29,台股因權值股漲幅過大出現歷史性震盪，在2026年5月中旬後觸發多殺多行情。,https://www.twse.com.tw/,https://www.tpex.org.tw/,2026-05-31 23:34:08 CST,2026-05-31 23:34:08 CST
政策衝擊,貨幣政策,全球能源危機引發通膨恐慌,2026-03-19,2026-03-25,油價破百導致各國央行延後降息並引發台股劇烈賣壓,https://www.youtube.com/watch?v=global-market-flash-crash-2026,2026-05-15 10:52:21,2026-05-31 23:34:08 CST,2026-05-31 23:34:08 CST
地緣政治,戰爭衝突,2026 中東美伊戰爭升溫,2026-03-15,2026-03-31,美伊衝突升溫導致油價飆升至100美元以上，引發全球通膨復燃恐慌，台股於3/31單日重挫795點。,https://www.reuters.com/world/middle-east/iran-us-tensions-escalate-oil-surges-past-100-2026-03-20/,,2026-05-31 23:34:08 CST,2026-05-31 23:34:08 CST
金融危機,泡沫破裂,AI 高估值泡沫修正,2026-01-15,2026-03-31,隨著利率維持高檔，AI硬體投資增速放緩，高估值半導體股出現顯著修正，費半指數修正逾15%。,https://www.cnbc.com/2026/03/25/ai-stock-bubble-bursts-chip-stocks-tumble.html,,2026-05-31 23:34:08 CST,2026-05-31 23:34:08 CST
政策衝擊,AI補漲修正,人工智慧族群估值過高回檔,2025-11-15,2026-03-31,市場對AI投報率產生質疑導致相關科技股大幅度修正,https://www.ft.com/content/ai-spending-bubble-concerns-2026,,2026-05-31 23:34:08 CST,2026-05-31 23:34:08 CST
政策衝擊,貿易保護,關稅政策重啟憂慮,2025-04-10,2025-04-20,全球主要經濟體重啟高額關稅政策，引發市場對供應鏈斷裂與通膨反彈的擔憂。,https://www.ustr.gov/,https://www.wto.org/,2026-05-31 23:34:08 CST,2026-05-31 23:34:08 CST
地緣政治,貿易戰/制裁,台股盤中歷史性兩千點大跌,2025-04-07,2025-04-10,地緣政治與關稅夾擊導致台股出現史上最劇烈盤中殺盤,https://www.taipeitimes.com/News/biz/archives/2025/04/08/2003823456,,2026-05-31 23:34:08 CST,2026-05-31 23:34:08 CST
政策衝擊,貿易戰/關稅,2025「解放日」大崩盤,2025-04-02,2025-04-15,美國總統川普宣布全面性高額關稅，標普500一週內重挫近20%，台股因32%關稅威脅觸發熔斷機制。,https://www.bloomberg.com/news/articles/2025-04-02/trump-announces-sweeping-tariffs-global-markets-plunge,,2026-05-31 23:34:08 CST,2026-05-31 23:34:08 CST
地緣政治,貿易戰/制裁,北美及中國加徵關稅正式實施,2025-02-01,2025-02-05,對加墨中三國實施新關稅導致全球供應鏈概念股重挫,https://www.bbc.com/news/articles/c4gv5r2r4zgo,,2026-05-31 23:34:08 CST,2026-05-31 23:34:08 CST
政策衝擊,科技競爭,AI 震撼與半導體拋售 (DeepSeek 效應),2025-01-27,2025-02-05,新興AI技術衝擊硬體獲利預期，美台科技股出現劇烈修正,https://www.storm.mg/article/5341620,,2026-05-31 23:34:08 CST,2026-05-31 23:34:08 CST
地緣政治,貿易戰/制裁,美國新政府就職關稅政策衝擊,2025-01-20,2025-01-25,川普政府簽署貿易備忘錄引發全球關稅戰開端與股市震盪,https://www.whitehouse.gov/briefing-room/presidential-actions/2025/01/20/america-first-trade-policy/,,2026-05-31 23:34:08 CST,2026-05-31 23:34:08 CST
政策衝擊,貨幣政策,日本央行超預期鷹派發言,2024-12-19,2024-12-24,日本再次放鷹引發第二波日圓回流恐慌打擊全球流動性,https://www.bloomberg.com/news/articles/2024-12-19/boj-hawkish-tilt-spooks-global-markets,,2026-05-31 23:34:08 CST,2026-05-31 23:34:08 CST
地緣政治,貿易戰/制裁,美國擴大半導體 AI 晶片出口禁令,2024-10-15,2024-10-20,美政府對特定國家實施晶片上限打擊全球科技股表現,https://www.reuters.com/technology/us-officials-discuss-capping-export-licenses-ai-chips-certain-countries-2024-10-14/,,2026-05-31 23:34:08 CST,2026-05-31 23:34:08 CST
地緣政治,戰爭衝突,中東戰火擴大至伊朗空襲,2024-10-01,2024-10-05,伊朗大規模飛彈襲擊以色列導致全球原油價格飆升,https://www.aljazeera.com/news/2024/10/1/iran-launches-missiles-at-israel,,2026-05-31 23:34:08 CST,2026-05-31 23:34:08 CST
政策衝擊,科技股修正,台股0904科技股修正,2024-09-04,2024-09-04,美股AI概念股領跌引發恐慌，台股單日重挫999點，為歷史第三大跌點。,https://www.cna.com.tw/news/afe/202409040186.aspx,https://www.ctee.com.tw/news/20240904701258-430201,2026-05-31 23:34:08 CST,2026-05-31 23:34:08 CST
金融危機,日圓套利交易平倉,日圓套利交易平倉引發全球股市崩盤,2024-08-05,2024-08-07,日本銀行意外升息引發日圓強升，全球套利交易平倉，日經指數單日暴跌12.4%，台股重挫1807點(8.35%)。,https://www.reuters.com/markets/asia/nikkei-plunges-10-global-market-rout-deepens-2024-08-05/,,2026-05-31 23:34:08 CST,2026-05-31 23:34:08 CST
政策衝擊,經濟衰退,台股0805史上最大跌點,2024-08-01,2024-08-05,美經濟數據疲軟引發衰退憂慮及日圓平倉潮，台股單日重挫1807點創紀錄。,https://www.cna.com.tw/news/afe/202408050186.aspx,https://money.udn.com/money/story/5607/8141416,2026-05-31 23:34:08 CST,2026-05-31 23:34:08 CST
政策衝擊,貨幣政策,日本銀行(BOJ)意外升息,2024-07-31,2024-07-31,日銀宣佈將短期利率上調至0.25%，並縮減購債規模，超預期鷹派立場開啟日圓漲勢並衝擊全球股市。,https://www.reuters.com/markets/asia/boj-raises-rates-025-flags-chance-further-hikes-2024-07-31/,,2026-05-31 23:34:08 CST,2026-05-31 23:34:08 CST
地緣政治,貿易戰/制裁,美國擴大對中AI晶片禁令,2024-07-17,2024-07-18,美國考慮採用更嚴厲的貿易限制(FDPR)阻止晶片流入中國，輝達(NVIDIA)及半導體股大幅重挫，台股重摔逾600點。,https://www.bloomberg.com/news/articles/2024-07-17/biden-considers-tighter-curbs-on-china-tech-sending-chips-lower,,2026-05-31 23:34:08 CST,2026-05-31 23:34:08 CST
地緣政治,戰爭衝突,以色列-伊朗衝突升級,2024-04-19,2024-04-20,以色列對伊朗進行報復性打擊，引發中東戰爭全面擴大擔憂，台股單日重挫774點，創當時史上單日最大跌點。,https://www.cnbc.com/2024/04/18/stock-market-today-live-updates.html,,2026-05-31 23:34:08 CST,2026-05-31 23:34:08 CST
自然災害,重大事件,0403 花蓮大地震,2024-04-03,2024-04-03,台灣發生規模7.2強震，半導體產業短期停工檢修引發市場對供應鏈中斷的疑慮，台股當日小幅震盪。,https://www.bbc.com/news/world-asia-68719996,,2026-05-31 23:34:08 CST,2026-05-31 23:34:08 CST
地緣政治,紅海航運危機,胡塞武裝攻擊商船引發供應鏈中斷,2024-01-15,2025-03-31,紅海危機導致運費飆升及通膨預期再度回升,https://www.reuters.com/world/middle-east/red-sea-attacks-hike-shipping-costs-2024-01-16/,,2026-05-31 23:34:08 CST,2026-05-31 23:34:08 CST
自然災害,重大事件,日本能登半島地震,2024-01-01,2024-01-05,日股年初開盤受地震災情打擊並影響科技供應鏈,https://www.japantimes.co.jp/business/2024/01/04/markets/tokyo-stocks-earthquake-impact/,,2026-05-31 23:34:08 CST,2026-05-31 23:34:08 CST
地緣政治,戰爭,以巴衝突升級,2023-10-07,2023-10-31,中東地緣局勢驟緊引發避險資金撤出股市，金價與原油價格出現劇烈波動。,https://www.reuters.com/,https://zh.wikipedia.org/wiki/2023%E5%B9%B4%E4%BB%A5%E5%B7%B4%E8%A1%9D%E7%AA%81,2026-05-31 23:34:08 CST,2026-05-31 23:34:08 CST
金融危機,銀行危機,矽谷銀行 (SVB) 倒閉,2023-03-10,2023-03-15,美債價格下跌導致銀行資產流失引發擠兌，引發對金融系統性風險的恐慌。,https://www.fdic.gov/,https://zh.wikipedia.org/wiki/%E7%90%BD%E8%B0%B7%E9%93%B6%E8%A1%8C%E5%80%92%E9%97%AD%E4%BA%8B%E4%BB%B6,2026-05-31 23:34:08 CST,2026-05-31 23:34:08 CST
金融危機,銀行危機,矽谷銀行(SVB)與瑞士信貸倒閉,2023-03-08,2023-03-15,升息導致資產減損引發銀行擠兌，引發2008年後最大銀行業危機。,https://www.ctee.com.tw/news/20230313700028-439901,,2026-05-31 23:34:08 CST,2026-05-31 23:34:08 CST
政策衝擊,貨幣政策,美國通膨數據高於預期衝擊,2022-09-13,2022-09-15,美國 CPI 數據引發升息恐慌且道瓊單日暴跌 1200 點,https://www.cnbc.com/2022/09/12/stock-market-futures-open-to-close-news.html,,2026-05-31 23:34:08 CST,2026-05-31 23:34:08 CST
政策衝擊,貨幣政策,聯準會激進升息三碼,2022-06-16,2022-06-30,美股標普 500 進入技術性熊市且台股跌勢加劇,https://www.nytimes.com/2022/06/15/business/economy/fed-interest-rates.html,,2026-05-31 23:34:08 CST,2026-05-31 23:34:08 CST
政策衝擊,暴力升息,聯準會對抗通膨連續升息三碼,2022-06-15,2022-12-31,極端的升息節奏重創科技股與債券市場導致股債雙殺,https://www.wsj.com/articles/fed-raises-rates-by-0-75-percentage-point-11655316001,,2026-05-31 23:34:08 CST,2026-05-31 23:34:08 CST
政策衝擊,暴力升息,聯準會升息循環,2022-06-13,2022-12-31,為對抗高通膨，Fed多次連續升息3碼，美股入熊市，台股失守萬三。,https://news.tvbs.com.tw/world/1913410,,2026-05-31 23:34:08 CST,2026-05-31 23:34:08 CST
政策衝擊,貨幣政策,聯準會暴力升息循環,2022-03-16,2022-10-13,Fed為抑制通膨激進升息，導致全球股債雙殺，美股及台股皆步入熊市。,https://www.federalreserve.gov/,https://en.wikipedia.org/wiki/2022_stock_market_decline,2026-05-31 23:34:08 CST,2026-05-31 23:34:08 CST
地緣政治,戰爭衝突,俄羅斯入侵烏克蘭,2022-02-24,2022-03-08,俄烏戰爭爆發導致能源及大宗商品價格飆升，全球供應鏈進一步受阻，引發市場恐慌和通脹擔憂，全球股市普遍下跌。,https://www.cnbc.com/2022/02/24/heres-how-markets-reacted-to-russias-invasion-of-ukraine.html,https://www.scmp.com/economy/global-economy/article/31682,2026-05-31 23:34:08 CST,2026-05-31 23:34:08 CST
政策衝擊,暴力升息,Fed強勢對抗通膨連環升息,2022-01-05,2022-10-13,通膨創40年新高，聯準會採取激進升息，全球股債雙殺進入熊市。,https://www.cmoney.tw/notes/note-detail.aspx?nid=484223,,2026-05-31 23:34:08 CST,2026-05-31 23:34:08 CST
政策衝擊,貨幣政策,全球通膨與激進升息週期,2022-01-03,2022-10-13,通膨飆升迫使Fed連續升息，美股與台股均步入空頭市場。,https://www.wsj.com/articles/inflation-fed-interest-rates-markets-2022-11672322401,,2026-05-31 23:34:08 CST,2026-05-31 23:34:08 CST
政策衝擊,估值修正,全球科技股高檔修正,2021-11-22,2022-01-27,通膨預期攀升導致高估值科技股先行崩跌，Nasdaq進入修正區。,https://www.ctee.com.tw/news/20220121700133-430701,,2026-05-31 23:34:08 CST,2026-05-31 23:34:08 CST
金融危機,銀行倒閉,中國恆大集團債務危機爆發,2021-09-20,2021-10-15,引發市場對中國房地產市場及金融體系穩定性的擔憂，影響全球投資者情緒，股市震盪。,https://www.reuters.com/business/evergrande-crisis-what-you-need-know-2021-09-20/,https://www.bloomberg.com/news/articles/2021-09-20/evergrande-s-doom-spirals-markets-bracing-for-worst-,2026-05-31 23:34:08 CST,2026-05-31 23:34:08 CST
公共衛生,疫情爆發,台股0512本土疫情崩盤,2021-05-12,2021-05-12,台灣本土疫情升溫引發恐慌，台股盤中重挫1417點，創史上最大盤中跌點。,https://news.pts.org.tw/article/525867,https://www.cna.com.tw/news/afe/202105120206.aspx,2026-05-31 23:34:08 CST,2026-05-31 23:34:08 CST
公共衛生,傳染病,台灣本土疫情爆發 (萬華群聚案),2021-05-11,2021-05-17,台灣升級三級警戒。5/12台股盤中重挫1417點創紀錄,https://www.cna.com.tw/news/firstnews/202105125010.aspx,,2026-05-31 23:34:08 CST,2026-05-31 23:34:08 CST
金融危機,金融不穩定,Archegos爆倉事件,2021-03-26,2021-03-29,Archegos資本管理公司因保證金追繳失敗導致大規模股票平倉，造成多家國際銀行數十億美元損失，引發市場對連鎖反應的擔憂。,https://www.cna.com.tw/news,2026-05-15 08:26:13,2026-05-31 23:34:08 CST,2026-05-31 23:34:08 CST
金融危機,投機性交易,GameStop等迷因股狂潮,2021-01-25,2021-02-01,散戶大舉買進GameStop等股票，造成華爾街機構損失，引發市場對高波動性及監管的擔憂，短期內導致部分避險基金平倉並影響市場情緒。,https://www.cna.com.tw/news/afe/202101290231.aspx,,2026-05-31 23:34:08 CST,2026-05-31 23:34:08 CST
公共衛生,傳染病爆發,COVID-19「黑色星期一」股市崩盤,2020-03-09,2020-03-23,全球封鎖、經濟停擺預期，引發恐慌性拋售。S&P 500從高峰下跌超過30%。,https://www.nytimes.com/2020/03/09/business/economy/stock-market-plunge-oil.html,https://www.cnbc.com/20,2026-05-31 23:34:08 CST,2026-05-31 23:34:08 CST
公共衛生,傳染病爆發,COVID-19 疫情爆發導致全球股市崩盤,2020-02-24,2020-03-23,全球股市劇烈下跌，美股多次觸發熔斷，台股同期重挫。疫情衝擊經濟活動，引發廣泛恐慌。,https://www.bloomberg.com/news/articles/2020-03-16/the-world-s-markets-are-melting-down-here-s-what-s-happening,https://www.cna.com.tw/news/afe/202003190204.aspx,2026-05-31 23:34:08 CST,2026-05-31 23:34:08 CST
公共衛生,傳染病爆發,COVID-19全球大流行引發市場崩盤,2020-02-20,2020-03-23,全球股市，尤其是美股和台股，在短期內經歷歷史性的大跌，道瓊工業指數多次觸發熔斷機制。,https://www.wsj.com/articles/the-day-the-stock-market-crashed-11586522303,https://money.udn.com/money/story/5607/4412217,2026-05-31 23:34:08 CST,2026-05-31 23:34:08 CST
公共衛生,傳染病爆發,武漢肺炎疫情全球大爆發,2020-01-30,2020-02-15,台股春節後首日開盤重挫 696 點並引發首波恐慌性賣壓,https://www.cnbc.com/2020/01/30/stock-market-today-live-updates.html,,2026-05-31 23:34:08 CST,2026-05-31 23:34:08 CST
公共衛生,傳染病爆發,COVID-19全球大流行初期衝擊,2020-01-20,2020-02-20,武漢封城與全球疫情擴散恐慌，市場開始反應。S&P 500下跌約10%。,https://www.cdc.gov/coronavirus/2019-ncov/cases-updates/previous-covid-data/index.html,https://www.bloomberg.com/news/articles/2020-02-24/stock-markets-plunge-as-coronavirus-fear-spreads-globally?srnd=markets-vp,2026-05-31 23:34:08 CST,2026-05-31 23:34:08 CST
政策衝擊,衰退疑慮,美債殖利率曲線倒掛,2019-08-14,2019-10-11,2年期與10年期美債殖利率發生倒掛，引發市場對經濟衰退的極大恐慌。,https://news.cnyes.com/news/id/4368551,,2026-05-31 23:34:08 CST,2026-05-31 23:34:08 CST
政策衝擊,政治動盪,美股聖誕夜崩跌,2018-12-24,2018-12-26,受美政府停擺與聯準會政策擔憂影響，美股創下史上最慘聖誕夜。,https://www.chinatimes.com/realtimenews/20181225001306-260410,,2026-05-31 23:34:08 CST,2026-05-31 23:34:08 CST
政策衝擊,貨幣政策,聯準會升息與全球經濟成長放緩疑慮,2018-12-04,2018-12-24,市場擔憂政策過度緊縮，美股創下1931年以來最慘12月,https://news.cnyes.com/news/id/4259500,,2026-05-31 23:34:08 CST,2026-05-31 23:34:08 CST
地緣政治,貿易戰爭,美中貿易戰升溫,2018-10-11,2018-12-31,美中關稅衝突加劇，台股單日重挫660點並失守萬點大關，電子權值股集體重摔。,https://www.storm.mg/article/522530,,2026-05-31 23:34:08 CST,2026-05-31 23:34:08 CST
政策衝擊,聯準會緊縮,美債殖利率飆升與縮表恐慌,2018-10-04,2018-12-24,利率走升預期導致美股創下自1931年以來最慘澹的12月,https://www.cnbc.com/2018/12/24/stock-market-wall-street-monitors-washington-turmoil-fed-rate-hikes.html,,2026-05-31 23:34:08 CST,2026-05-31 23:34:08 CST
政策衝擊,貨幣緊縮,十月股災與利率憂慮,2018-10-01,2018-10-31,聯準會態度偏鷹加上公債殖利率飆升，台股單日崩跌660點失守萬點。,https://www.businessweekly.com.tw/archive/Article/Index?StrId=68032,,2026-05-31 23:34:08 CST,2026-05-31 23:34:08 CST
地緣政治,貿易戰,中美貿易戰爆發,2018-03-22,2018-12-24,川普宣佈對中加徵關稅，2018年底全球股市因關稅戰壓力集體步入修正期。,https://www.bloomberg.com/,https://zh.wikipedia.org/wiki/%E4%B8%AD%E7%BE%8E%E8%B2%BF%E6%98%93%E6%88%B0,2026-05-31 23:34:08 CST,2026-05-31 23:34:08 CST
金融危機,市場波動,波動率危機 (Volmageddon),2018-02-05,2018-02-09,VIX相關產品爆發平倉潮，美股道瓊指數單日狂瀉1175點，引發程式交易連鎖拋售。,https://news.cnyes.com/news/id/4033735,,2026-05-31 23:34:08 CST,2026-05-31 23:34:08 CST
地緣政治,貿易戰爭,中美貿易戰爆發與升息,2018-01-22,2018-12-24,川普政府對中加徵關稅，疊加Fed升息與縮表，標普500波段跌20%。,https://www.wealth.com.tw/articles/0f16275b-4927-463d-82c5-373802e3b5e4,,2026-05-31 23:34:08 CST,2026-05-31 23:34:08 CST
地緣政治,國際組織,英國脫歐公投意外通過 (Brexit),2016-06-24,2016-06-27,黑天鵝事件引發英鎊重挫與全球避險賣壓,https://www.cna.com.tw/news/firstnews/201606245012.aspx,,2026-05-31 23:34:08 CST,2026-05-31 23:34:08 CST
地緣政治,政治變局,英國脫歐公投意外,2016-06-23,2016-06-27,英國公投決定脫離歐盟震驚市場，引發英鎊重挫與全球股市單日大修正。,https://www.bbc.com/news/politics/uk_leaves_the_eu,https://zh.wikipedia.org/wiki/%E8%8B%B1%E5%9C%8B%E5%8E%BB%E7%95%99%E6%AC%A7%E7%9B%9F%E5%85%AC%E6%8A%95,2026-05-31 23:34:08 CST,2026-05-31 23:34:08 CST
政策衝擊,機制失效,中國股市熔斷事件,2016-01-04,2016-01-07,新設熔斷機制引發恐慌性拋售，開盤不久即收盤，重創全球投資信心。,https://news.cnyes.com/news/id/2135607,,2026-05-31 23:34:08 CST,2026-05-31 23:34:08 CST
金融危機,市場恐慌,台股0824閃崩,2015-08-24,2015-08-24,台股受中國股市拖累，盤中一度跌逾500點跌破7300點，創當時最大單日跌幅。,https://www.cna.com.tw/news/afe/201508240182.aspx,https://news.ltn.com.tw/news/business/breakingnews/1422472,2026-05-31 23:34:08 CST,2026-05-31 23:34:08 CST
金融危機,股市泡沫,中國股災與全球拋售,2015-06-12,2016-02-11,中國股市泡沫破裂及人民幣意外貶值，引發全球對經濟成長放緩的劇烈擔憂。,https://www.ft.com/,https://zh.wikipedia.org/wiki/2015%E5%B9%B4%E4%B8%AD%E5%9C%8B%E8%82%A1%E7%81%BD,2026-05-31 23:34:08 CST,2026-05-31 23:34:08 CST
金融危機,能源危機,2014年石油價格崩盤,2014-06-20,2015-01-20,頁岩油競爭與需求放緩導致油價腰斬，能源股拖累全球大盤。,https://www.economist.com/the-economist-explains/2014/12/08/why-the-oil-price-is-falling,,2026-05-31 23:34:08 CST,2026-05-31 23:34:08 CST
政策衝擊,貨幣政策,QE縮減恐慌 (Taper Tantrum),2013-05-22,2013-06-24,聯準會暗示將逐步縮減QE規模，引發美債殖利率飆升與新興市場資本撤出。,https://www.federalreserve.gov/,https://en.wikipedia.org/wiki/2013_Taper_Tantrum,2026-05-31 23:34:08 CST,2026-05-31 23:34:08 CST
金融危機,歐債風暴再起,義大利與西班牙國債危機,2012-05-14,2012-07-26,歐元區面臨解體風險導致全球風險資產大幅修正,https://zh.wikipedia.org/wiki/歐洲主權債務危機,,2026-05-31 23:34:08 CST,2026-05-31 23:34:08 CST
政策衝擊,租稅政策,台股證所稅爭議,2012-04-15,2012-07-25,復徵證所稅爭議導致台股成交量急凍及指數連日重挫，引發投資人恐慌拋售。,https://finance.ettoday.net/news/244304,,2026-05-31 23:34:08 CST,2026-05-31 23:34:08 CST
政策衝擊,賦稅爭議,台股證所稅風暴,2012-03-28,2012-07-25,台灣推動復徵證所稅引發大戶撤資，台股量能急凍且波段跌幅16%。,https://www.scooptw.com/money_finance/stock/95834/,,2026-05-31 23:34:08 CST,2026-05-31 23:34:08 CST
金融危機,債務危機,歐債危機高峰期,2011-11-01,2012-05-31,希臘與義大利債務違約風險擴大，歐元區解體危機衝擊全球市場。,https://www.businesstoday.com.tw/article/category/80392/post/201111100028/,,2026-05-31 23:34:08 CST,2026-05-31 23:34:08 CST
政策衝擊,信用評等,美國信評首度遭調降,2011-08-05,2011-10-04,S&P將美國國債評等由AAA調降至AA+，引發全球股市大跌，台股跌破8000點。,https://www.reuters.com/article/idUSN1E7740QH/,https://zh.wikipedia.org/wiki/2011%E5%B9%B4%E7%BE%8E%E5%9C%8B%E5%80%BA%E5%8B%99%E4%B8%8A%E9%99%90%E5%8D%B1%E6%A9%9F,2026-05-31 23:34:08 CST,2026-05-31 23:34:08 CST
金融危機,歐債危機,歐元區主權債務危機擴張,2011-08-01,2011-12-31,義大利與西班牙國債殖利率飆升，威脅歐元區穩定與全球市場。,https://news.cnyes.com/news/id/550247,,2026-05-31 23:34:08 CST,2026-05-31 23:34:08 CST
金融危機,債務危機,歐債危機高峰,2011-07-01,2012-07-26,歐元區多國主權債務違約疑慮擴大，導致全球市場對歐元穩定性失去信心。,https://www.ecb.europa.eu/,https://zh.wikipedia.org/wiki/%E6%AC%A3%E6%B4%B2%E4%B8%BB%E6%AC%8A%E5%80%BA%E5%8B%99%E5%8D%B1%E6%A9%9F,2026-05-31 23:34:08 CST,2026-05-31 23:34:08 CST
自然災害,地震海嘯,日本311大地震,2011-03-11,2011-03-18,強震引發核災與供應鏈中斷，導致全球股市劇烈震盪，日經指數單日重挫逾10%。,https://www.nikkei.com/,https://zh.wikipedia.org/wiki/2011%E5%B9%B4%E4%B8%9C%E5%8C%97%E5%9C%B0%E6%96%B9%E5%A4%AA%E5%B9%B3%E6%B4%8B%E8%BF%91%E6%B5%B7%E5%9C%B0%E9%9C%87,2026-05-31 23:34:08 CST,2026-05-31 23:34:08 CST
金融危機,電子交易,2010年美股閃崩事件,2010-05-06,2010-05-06,道瓊指數在數分鐘內無預警暴跌近千點，市值蒸發一兆美元，凸顯高頻交易與結構性風險。,https://zh.wikipedia.org/wiki/2010年閃崩事件,https://www.taifex.com.tw/file/taifex/CH/06/20100506FlashCrash.pdf,2026-05-31 23:34:08 CST,2026-05-31 23:34:08 CST
金融危機,主權債務危機,希臘主權債務危機,2010-04-27,2010-12-31,希臘主權評級遭下調至垃圾級；歐債危機引發全球市場動盪,https://zh.wikipedia.org/wiki/歐洲主權債務危機,,2026-05-31 23:34:08 CST,2026-05-31 23:34:08 CST
金融危機,主權債務,歐債危機爆發,2010-04-23,2010-12-31,希臘債務危機擴散至南歐各國，引發對歐元區崩解與全球銀行系統之擔憂。,https://zh.wikipedia.org/zh-tw/歐洲主權債務危機,,2026-05-31 23:34:08 CST,2026-05-31 23:34:08 CST
金融危機,主權債務,歐洲主權債務危機,2009-12-08,2010-12-31,希臘債信評等調降引發歐債危機，衝擊歐元區穩定與全球股市。,https://zh.wikipedia.org/wiki/歐洲主權債務危機,,2026-05-31 23:34:08 CST,2026-05-31 23:34:08 CST
金融危機,債務危機,杜拜世界債務危機,2009-11-25,2009-12-31,杜拜主權企業要求延後償債，引發全球對債務違約的擔憂。,https://zh.wikipedia.org/wiki/杜拜世界,,2026-05-31 23:34:08 CST,2026-05-31 23:34:08 CST
金融危機,主權債務,歐洲主權債務危機,2009-10-20,2010-12-31,希臘財政危機蔓延至歐元區五國，引發歐元崩潰擔憂，全球股市多次出現大幅回檔。,https://zh.wikipedia.org/wiki/歐洲主權債務危機,,2026-05-31 23:34:08 CST,2026-05-31 23:34:08 CST
自然災害,風災水患,莫拉克風災,2009-08-06,2009-08-10,八八水災造成南台灣重大損害，局部產業受創嚴重。,https://zh.wikipedia.org/wiki/莫拉克風災,,2026-05-31 23:34:08 CST,2026-05-31 23:34:08 CST
公共衛生,流行病,H1N1新型流感,2009-04-24,2010-08-10,WHO宣布流感大流行警戒；引發全球防疫緊張與觀光股受創,https://zh.wikipedia.org/wiki/2009年H1N1流感大流行,,2026-05-31 23:34:08 CST,2026-05-31 23:34:08 CST
公共衛生,流行病疫情,H1N1 新型流感,2009-04-15,2010-08-10,新型流感引發全球衛生危機，對旅遊與零售業造成衝擊。,https://zh.wikipedia.org/wiki/2009年H1N1流感大流行,,2026-05-31 23:34:08 CST,2026-05-31 23:34:08 CST
公共衛生,流行病,H1N1新型流感大流行,2009-04-12,2010-08-10,流感在全球範圍蔓延，引發對經濟復甦中斷的擔憂，航空與旅遊類股短期出現顯著賣壓。,https://zh.wikipedia.org/wiki/2009年H1N1流感大流行,https://www.who.int/zh/news-room/spotlight/pandemic-preparedness/h1n1-2009,2026-05-31 23:34:08 CST,2026-05-31 23:34:08 CST
金融危機,金融海嘯,雷曼兄弟倒閉,2008-09-15,2009-03-09,雷曼兄弟破產引發全球金融體系幾乎瓦解，台股從9859點跌至3955點，跌幅約60%。,https://zh.wikipedia.org/wiki/雷曼兄弟倒閉案,https://www.cnyes.com/news/id/4198765,2026-05-31 23:34:08 CST,2026-05-31 23:34:08 CST
金融危機,信用崩潰,美國次貸危機開始,2007-08-09,2008-09-14,法國巴黎銀行凍結旗下三支基金，標誌著次貸危機正式演變為全球金融海嘯的開端。,https://zh.wikipedia.org/wiki/2007年－2008年環球金融危機,https://www.rich01.com/what-is-subprime-mortgage-crisis/,2026-05-31 23:34:08 CST,2026-05-31 23:34:08 CST
金融危機,系統性風險,全球金融海嘯(次貸危機),2007-04-02,2009-03-09,美國次級房貸泡沫破滅引發全球金融體系崩潰，台股崩跌至3955點。,https://zh.wikipedia.org/wiki/2007年－2008年環球金融危機,https://www.businessweekly.com.tw/Archive/Article?StrId=34384,2026-05-31 23:34:08 CST,2026-05-31 23:34:08 CST
金融危機,單日暴跌,中國股市 227 黑色星期二,2007-02-27,2007-02-27,上海股市單日暴跌近9%，引發全球股市骨牌式修正。,https://news.cnyes.com/news/id/2015886,,2026-05-31 23:34:08 CST,2026-05-31 23:34:08 CST
地緣政治,核武威脅,北韓第一次核試驗,2006-10-09,2006-10-16,北韓宣佈成功進行核試，引發亞太政局緊張，南韓股市當日暴跌，台股亦受波及下挫。,https://zh.wikipedia.org/wiki/2006年朝鮮核試驗,https://www.taipeitimes.com/News/world/archives/2006/10/10/2003331119,2026-05-31 23:34:08 CST,2026-05-31 23:34:08 CST
地緣政治,社會運動,紅衫軍反貪倒扁運動,2006-09-09,2006-11-30,大規模抗爭造成國內政局緊張與社會對立，外資觀望導致台股表現落後全球市場。,https://zh.wikipedia.org/wiki/百萬人民反貪倒扁運動,,2026-05-31 23:34:08 CST,2026-05-31 23:34:08 CST
地緣政治,國內政治動盪,倒扁紅衫軍運動,2006-08-12,2006-11-30,大規模群眾運動引發政局不穩，短期衝擊市場信心。,https://zh.wikipedia.org/wiki/百萬人民倒扁運動,,2026-05-31 23:34:08 CST,2026-05-31 23:34:08 CST
自然災害,颶風,颶風卡翠娜,2005-08-29,2005-09-15,墨西哥灣煉油設備受損導致油價飆升；引發通膨與升息疑慮,https://zh.wikipedia.org/wiki/飓风卡特里娜,,2026-05-31 23:34:08 CST,2026-05-31 23:34:08 CST
自然災害,颶風,卡翠娜颶風,2005-08-23,2005-09-30,五級颶風襲擊紐奧良導致能源設施損毀，油價飆升至歷史新高，引發通膨疑慮與股市修正。,https://zh.wikipedia.org/wiki/颶風卡翠娜,https://www.reuters.com/article/idUSN14227891,2026-05-31 23:34:08 CST,2026-05-31 23:34:08 CST
自然災害,地震海嘯,南亞大海嘯,2004-12-26,2005-01-10,強震引發海嘯重創東南亞觀光業與基礎設施，導致區域股市出現短暫急跌。,https://zh.wikipedia.org/zh-tw/2004年印度洋大地震,,2026-05-31 23:34:08 CST,2026-05-31 23:34:08 CST
政策衝擊,貨幣政策,2004-2006聯準會升息週期,2004-06-30,2006-06-29,聯準會連續17次升息回收流動性，引發全球資產價格劇烈調整與債市波動。,https://en.wikipedia.org/wiki/History_of_Federal_Open_Market_Committee_actions,,2026-05-31 23:34:08 CST,2026-05-31 23:34:08 CST
地緣政治,國內動盪,三一九槍擊事件,2004-03-19,2004-05-20,總統大選前夕發生槍擊案引發政治動盪，開盤後台股出現多日跌停，短線跌幅超過20%。,https://zh.wikipedia.org/wiki/三一九槍擊事件,https://www.taipeitimes.com/News/taiwan/archives/2004/03/23/2003107389,2026-05-31 23:34:08 CST,2026-05-31 23:34:08 CST
地緣政治,戰爭,伊拉克戰爭爆發,2003-03-20,2003-05-01,美國對伊拉克發動戰爭，引發油價波動與全球不確定性，股市在戰爭初期出現劇烈震盪。,https://zh.wikipedia.org/wiki/伊拉克战争,https://news.cnyes.com/news/id/205891,2026-05-31 23:34:08 CST,2026-05-31 23:34:08 CST
公共衛生,流行病,SARS疫情爆發,2003-03-14,2003-07-05,和平醫院封院事件導致恐慌性拋售，台股短線在10天內重挫約13%，觀光與百貨股受創最深。,https://zh.wikipedia.org/wiki/SARS事件,https://www.ebc.com.tw/news/business/200567,2026-05-31 23:34:08 CST,2026-05-31 23:34:08 CST
公共衛生,流行病,SARS疫情,2002-11-16,2003-07-05,疫情擴散引發社會恐慌與消費停滯，台股於和平醫院封院期間跌至波段低點4044點。,https://zh.wikipedia.org/wiki/嚴重急性呼吸系統綜合症疫情,https://www.cmoney.tw/notes/note-detail.aspx?nid=185810,2026-05-31 23:34:08 CST,2026-05-31 23:34:08 CST
金融危機,公司治理,世通公司破產案,2002-07-21,2002-08-15,繼安隆後另一大型美企造假帳醜聞，引發美股再度出現恐慌性拋售。,https://zh.wikipedia.org/wiki/世通公司,,2026-05-31 23:34:08 CST,2026-05-31 23:34:08 CST
金融危機,企業破產,世界通訊會計醜聞與破產,2002-06-25,2002-07-21,世界通訊承認虛報獲利110億美元並申請破產，成為當時美國最大破產案，引發全球股市大跌。,https://zh.wikipedia.org/wiki/世通公司,https://www.theguardian.com/business/2002/jun/27/worldcom.corporatefraud,2026-05-31 23:34:08 CST,2026-05-31 23:34:08 CST
政策衝擊,會計醜聞,安隆與世界通訊醜聞,2001-12-02,2002-07-21,美國爆發大規模會計造假弊案，重挫全球資本市場對財務報告誠信之信心。,https://zh.wikipedia.org/zh-tw/安隆公司,,2026-05-31 23:34:08 CST,2026-05-31 23:34:08 CST
金融危機,會計醜聞,安隆案爆發,2001-10-16,2001-12-02,美國巨頭公司安隆被爆出長期財報造假，引發投資人對企業誠信信心崩盤，重創道瓊指數。,https://zh.wikipedia.org/wiki/安隆案,https://www.wealth.com.tw/articles/580c128d-294c-4e8a-8d7e-07f9c7e099a5,2026-05-31 23:34:08 CST,2026-05-31 23:34:08 CST
金融危機,企業弊案,恩隆(Enron)破產案,2001-10-01,2001-12-02,重大財務舞弊案導致當時美國最大企業之一倒閉，重創投資人對公司治理之信心。,https://zh.wikipedia.org/wiki/恩隆公司,,2026-05-31 23:34:08 CST,2026-05-31 23:34:08 CST
自然災害,風災,納莉颱風,2001-09-17,2001-09-21,台北市嚴重淹水導致金融中心癱瘓、捷運停擺及證券市場被迫暫停交易多日。,https://zh.wikipedia.org/zh-tw/颱風納莉_(2001年),,2026-05-31 23:34:08 CST,2026-05-31 23:34:08 CST
地緣政治,恐怖攻擊,九一一襲擊事件,2001-09-11,2001-12-31,恐怖份子襲擊美國雙子星大樓，美股休市數日，全球股市隨後暴跌，台股跌破4000點。,https://zh.wikipedia.org/wiki/九一一袭击事件,https://www.bis.org/publ/arpdf/ar2002c_zh.pdf,2026-05-31 23:34:08 CST,2026-05-31 23:34:08 CST
政策衝擊,能源政策,台灣核四停建風暴,2000-10-27,2001-02-14,行政院突然宣佈停建核四引發政局動盪，台股在宣布後連跌數日，短期市值蒸發超過兆元。,https://zh.wikipedia.org/wiki/台灣核四發電廠,https://www.cnyes.com/news/id/2056789,2026-05-31 23:34:08 CST,2026-05-31 23:34:08 CST
地緣政治,政黨輪替,2000年台灣總統大選,2000-03-18,2000-05-20,台灣首度政權輪替引發市場對兩岸政策與政治不穩之憂慮，導致股市短期劇烈修正。,https://zh.wikipedia.org/wiki/2000年中華民國總統選舉,,2026-05-31 23:34:08 CST,2026-05-31 23:34:08 CST
金融危機,資產泡沫,網路科技泡沫破裂,2000-03-10,2002-10-09,納斯達克指數見頂後崩盤，台股從10393點一路跌至3411點，跌幅高達67%。,https://zh.wikipedia.org/wiki/互聯網泡沫,https://www.cmoney.tw/notes/note-detail.aspx?nid=20015,2026-05-31 23:34:08 CST,2026-05-31 23:34:08 CST
自然災害,地震,921大地震,1999-09-21,1999-10-10,台灣發生強烈地震導致電力中斷與產業停工，台股休市多日後開盤重挫，電子業供應鏈受創。,https://zh.wikipedia.org/wiki/921大地震,https://www.pts.org.tw/921/,2026-05-31 23:34:08 CST,2026-05-31 23:34:08 CST
地緣政治,兩岸關係,兩國論危機,1999-07-09,1999-07-15,李登輝總統發表兩國論引發軍事緊張；台股短線重挫,https://zh.wikipedia.org/wiki/特殊兩國論,,2026-05-31 23:34:08 CST,2026-05-31 23:34:08 CST
金融危機,本土性風險,台灣本土型金融風暴,1998-10-01,1999-02-28,亞洲風暴餘波導致國內多個集團爆發財務危機與違約交割。,https://zh.wikipedia.org/wiki/1998年台灣本土型金融風暴,https://news.ltn.com.tw/news/business/paper/55580,2026-05-31 23:34:08 CST,2026-05-31 23:34:08 CST
金融危機,對沖基金崩潰,長期資本管理公司(LTCM)危機,1998-09-23,1998-12-31,由諾貝爾獎得主組成的對沖基金因俄羅斯違約面臨倒閉，聯準會緊急介入救助以防止金融崩潰。,https://zh.wikipedia.org/wiki/長期資本管理公司,https://www.cmoney.tw/notes/note-detail.aspx?nid=16825,2026-05-31 23:34:08 CST,2026-05-31 23:34:08 CST
金融危機,銀行倒閉,俄羅斯金融危機與LTCM倒閉,1998-08-17,1998-10-01,俄羅斯債務違約引發全球市場恐慌，長期資本管理公司(LTCM)面臨破產，美國聯準會介入救市，道瓊指數短期下跌近20%。,https://www.federalreserve.gov,,2026-05-31 23:34:08 CST,2026-05-31 23:34:08 CST
公共衛生,傳染病,台灣腸病毒大流行,1998-04-01,1998-07-31,腸病毒71型爆發造成嚴重傷亡與社會恐慌，重創民生消費及觀光市場信心。,https://www.cdc.gov.tw/Category/ListContent/vA0S7L0pZlsqsF-O7rP9_Q?uaid=N_o7rS8uHwS-u-8S,,2026-05-31 23:34:08 CST,2026-05-31 23:34:08 CST
金融危機,股市熔斷,1027美股小股災,1997-10-27,1997-10-28,道瓊指數單日大跌7.18%觸發熔斷；隔日台股重挫跌停,https://zh.wikipedia.org/wiki/1997年10月27日道瓊斯工業平均指數大跌,,2026-05-31 23:34:08 CST,2026-05-31 23:34:08 CST
金融危機,亞洲金融風暴,亞洲金融風暴,1997-07-02,1998-12-31,泰銖貶值引發區域性金融危機，台灣加權指數跌幅超過30%，香港恆生指數跌幅超過50%。,https://www.imf.org/external/np/exr/facts/asia.htm,,2026-05-31 23:34:08 CST,2026-05-31 23:34:08 CST
政策衝擊,言論干預,非理性繁榮言論,1996-12-05,1996-12-06,聯準會主席葛林斯潘警告股市估值過高，引發短暫急跌。,https://zh.wikipedia.org/wiki/非理性繁榮,,2026-05-31 23:34:08 CST,2026-05-31 23:34:08 CST
地緣政治,兩岸衝突,第三次台灣海峽危機,1996-03-08,1996-03-25,中共試射飛彈引發台海恐慌，台股指數從7051點跌至4503點，跌幅約36%。,https://zh.wikipedia.org/wiki/第三次台灣海峽危機,https://www.upmedia.mg/news_info.php?Type=2&SerialNo=151044,2026-05-31 23:34:08 CST,2026-05-31 23:34:08 CST
地緣政治,台海危機,第三次台灣海峽危機,1995-07-21,1996-03-23,中共飛彈試射引發兩岸緊張，台股恐慌性拋售且資金外流，指數一度重挫逾35%。,https://zh.wikipedia.org/wiki/第三次台灣海峽危機,https://www.ettoday.net/news/20220803/2307844.htm,2026-05-31 23:34:08 CST,2026-05-31 23:34:08 CST
地緣政治,兩岸衝突,台海飛彈危機,1995-07-18,1996-03-23,中共進行飛彈試射引發恐慌，台股短期重挫約17%。,https://zh.wikipedia.org/wiki/第三次台灣海峽危機,,2026-05-31 23:34:08 CST,2026-05-31 23:34:08 CST
金融危機,銀行倒閉,霸菱銀行倒閉事件,1995-02-26,1995-03-31,交易員尼克·李森投機失利導致200多年歷史的霸菱銀行破產，引發全球金融市場震驚。,https://zh.wikipedia.org/wiki/霸菱銀行,https://news.cnyes.com/news/id/4444567,2026-05-31 23:34:08 CST,2026-05-31 23:34:08 CST
自然災害,地震,阪神大地震,1995-01-17,1995-01-17,日本阪神地區發生強震；日經指數重挫並波及全球股市,https://zh.wikipedia.org/wiki/阪神大地震,,2026-05-31 23:34:08 CST,2026-05-31 23:34:08 CST
金融危機,匯率危機,墨西哥披索危機,1994-12-20,1995-03-31,披索大幅貶值引發新興市場恐慌，波及拉美與亞洲部分市場。,https://news.cnyes.com/news/id/4844332,,2026-05-31 23:34:08 CST,2026-05-31 23:34:08 CST
金融危機,特定市場泡沫破裂,日本泡沫經濟破裂,1991-01-01,1991-12-31,日本股市與房市泡沫破裂，日經指數,,,2026-05-31 23:34:08 CST,2026-05-31 23:34:08 CST
地緣政治,戰爭衝突,波斯灣戰爭爆發,1990-08-02,1991-02-28,伊拉克入侵科威特，引發油價飆升及全球經濟衰退擔憂，全球股市動盪不安。,https://www.investopedia.com/articles/forex/09/how-gulf-war-affected-market.asp,,2026-05-31 23:34:08 CST,2026-05-31 23:34:08 CST
金融危機,銀行倒閉,美國儲貸危機餘波及經濟衰退,1990-07-01,1991-03-31,美國儲貸危機的持續影響與經濟衰退導致股市下跌。道瓊工業指數在1990年夏季至秋季下跌超過15%。,https://www.federalreservehistory.org/essays/savings_and_loan_crisis,https://www.investopedia.com/terms/s/sl-crisis.asp,2026-05-31 23:34:08 CST,2026-05-31 23:34:08 CST
政策衝擊,證所稅事件,1990年證所稅事件,1990-03-27,1990-10-01,行政院宣布復徵證所稅引發市場恐慌，台股從萬點高點腰斬至2485點，跌幅逾80%。,https://www.wealth.com.tw/articles/ce7a7833-8a2a-41f2-b816-1f6b15822365,https://www.ptt.cc/bbs/Stock/M.1593926521.A.49F.html,2026-05-31 23:34:08 CST,2026-05-31 23:34:08 CST
政策衝擊,證所稅事件,台灣證所稅復徵爭議,1990-03-10,1990-10-01,行政院宣布復徵證所稅，引發台灣股市恐慌性賣壓，加權指數從1990年2月的12495點狂瀉至10月的2485點，跌幅超過80%。,https://news.cts.com.tw/old/money/199003/199003120038848.html,https://tw.stock.yahoo.com/news/%E8%B3%87%E6%96%99-%E5%8F%B0%E8%82%A1%E9%91,2026-05-31 23:34:08 CST,2026-05-31 23:34:08 CST
